"shom_id","300","name","AJACCIO","longitude",8.76284981,"latitude",41.92279816,"state","OK","reseau","RONIM","alertCustom",false,"delai_alerte","06,00"
"shom_id","6118","name","AMBES","longitude",-0.603517,"latitude",45.040483,"state","OK","reseau","REFMAR","alertCustom",false,"delai_alerte","06,00"
"shom_id","6368","name","ANTIFER_HAROPA_LH","longitude",0.1515031,"latitude",49.6513864,"state","OK","reseau","REFMAR","alertCustom",false,"delai_alerte","06,00"
"shom_id","190","name","ARCACHON_EYRAC","longitude",-1.16355002,"latitude",44.66500092,"state","OK","reseau","RONIM","alertCustom",false,"delai_alerte","06,00"
"shom_id","6258","name","ARS-EN-RE","longitude",-1.506883,"latitude",46.215167,"state","ASYNC","reseau","REFMAR","alertCustom",false,"delai_alerte","06,00"
"shom_id","6305","name","AUDIERNE","longitude",-4.537583,"latitude",48.02155,"state","OK","reseau","RONIM","alertCustom",false,"delai_alerte","06,00"
"shom_id","858","name","BAIE_DU_LAZARET","longitude",5.90252,"latitude",43.0805,"state","ASYNC","reseau","REFMAR","alertCustom",false,"delai_alerte","06,00"
"shom_id","386","name","BALISE_A_HAROPA_RO","longitude",0.110667,"latitude",49.431833,"state","OK","reseau","REFMAR","alertCustom",false,"delai_alerte","06,00"
"shom_id","6119","name","BASSENS","longitude",-0.537278,"latitude",44.904193,"state","OK","reseau","REFMAR","alertCustom",false,"delai_alerte","06,00"
"shom_id","6326","name","BASSINS_A_FLOT","longitude",-0.55301667,"latitude",44.86328333,"state","HIDDEN","reseau","REFMAR","alertCustom",false,"delai_alerte","06,00"
"shom_id","609","name","BENODET_VIGICRUES","longitude",-4.115977,"latitude",47.880919,"state","OK","reseau","REFMAR","alertCustom",true,"delai_alerte","12,00"
"shom_id","196","name","BORDEAUX","longitude",-0.5528,"latitude",44.86,"state","OK","reseau",null,"alertCustom",false,"delai_alerte","06,00"
"shom_id","6329","name","BORDEAUX_VIGICRUES","longitude",-0.545,"latitude",44.859983,"state","OK","reseau","REFMAR","alertCustom",false,"delai_alerte","06,00"
"shom_id","94","name","BOUCAU-BAYONNE","longitude",-1.51483,"latitude",43.52732,"state","OK","reseau","RONIM","alertCustom",false,"delai_alerte","06,00"
"shom_id","111","name","BOULOGNE-SUR-MER","longitude",1.57766,"latitude",50.72738,"state","OK","reseau","RONIM","alertCustom",false,"delai_alerte","06,00"
"shom_id","155","name","BOURCEFRANC_LE_CHAPUS_VIGICRUES","longitude",-1.177822,"latitude",45.853406,"state","OLD","reseau","REFMAR","alertCustom",false,"delai_alerte","06,00"
"shom_id","5051","name","BREGAILLON","longitude",5.8855,"latitude",43.1052,"state","ASYNC","reseau","REFMAR","alertCustom",false,"delai_alerte","06,00"
"shom_id","3","name","BREST","longitude",-4.49503994,"latitude",48.38290024,"state","OK","reseau","RONIM","alertCustom",false,"delai_alerte","03,00"
"shom_id","6406","name","CABOURG_VIGICRUES","longitude",-0.111804,"latitude",49.28572,"state","OK","reseau","REFMAR","alertCustom",false,"delai_alerte","06,00"
"shom_id","55","name","CALAIS","longitude",1.86772001,"latitude",50.9693985,"state","OK","reseau","RONIM","alertCustom",false,"delai_alerte","06,00"
"shom_id","6438","name","CANCALE_VIGICRUES","longitude",-1.851799,"latitude",48.668375,"state","OK","reseau","REFMAR","alertCustom",true,"delai_alerte","12,00"
"shom_id","744","name","CANNES","longitude",7.0335,"latitude",43.542525,"state","ASYNC","reseau","REFMAR","alertCustom",false,"delai_alerte","06,00"
"shom_id","6345","name","CASSIS","longitude",5.53575,"latitude",43.2134,"state","ASYNC","reseau","REFMAR","alertCustom",false,"delai_alerte","06,00"
"shom_id","807","name","CENTURI","longitude",9.349833,"latitude",42.965775,"state","OK","reseau","RONIM","alertCustom",false,"delai_alerte","06,00"
"shom_id","16","name","CHALEIX_NOUMEA","longitude",166.436742,"latitude",-22.291478,"state","OLD","reseau","REFMAR","alertCustom",false,"delai_alerte","06,00"
"shom_id","13","name","CHERBOURG","longitude",-1.635508,"latitude",49.651447,"state","OK","reseau","RONIM","alertCustom",false,"delai_alerte","06,00"
"shom_id","6270","name","CIBOURE_VIGICRUES","longitude",-1.6627136562627265,"latitude",43.3891619631759,"state","OK","reseau","REFMAR","alertCustom",false,"delai_alerte","06,00"
"shom_id","797","name","CLIPPERTON","longitude",-109.204,"latitude",10.288167,"state","OLD","reseau","REFMAR","alertCustom",false,"delai_alerte","06,00"
"shom_id","160","name","CONCARNEAU","longitude",-3.907207,"latitude",47.873549,"state","OK","reseau","RONIM","alertCustom",false,"delai_alerte","06,00"
"shom_id","6271","name","CONVERGENT_VIGICRUES","longitude",-1.5136399403724987,"latitude",43.52696054858578,"state","OK","reseau","REFMAR","alertCustom",false,"delai_alerte","06,00"
"shom_id","397","name","CORDEMAIS","longitude",-1.8898,"latitude",47.277217,"state","OK","reseau","REFMAR","alertCustom",false,"delai_alerte","06,00"
"shom_id","6380","name","COTY_HAROPA_LH","longitude",0.1690078,"latitude",49.4755654,"state","OK","reseau","REFMAR","alertCustom",false,"delai_alerte","06,00"
"shom_id","241","name","DEGRAD-DES-CANNES","longitude",-52.27218333,"latitude",4.852916667,"state","ASYNC","reseau","REFMAR","alertCustom",false,"delai_alerte","06,00"
"shom_id","673","name","DESHAIES","longitude",-61.79591,"latitude",16.30529,"state","OK","reseau","REFMAR","alertCustom",false,"delai_alerte","06,00"
"shom_id","628","name","DIELETTE","longitude",-1.86083,"latitude",49.5525,"state","OK","reseau","RONIM","alertCustom",false,"delai_alerte","06,00"
"shom_id","24","name","DIEPPE","longitude",1.08449,"latitude",49.92917,"state","OK","reseau","RONIM","alertCustom",false,"delai_alerte","06,00"
"shom_id","396","name","DONGES","longitude",-2.0883,"latitude",47.305667,"state","OLD","reseau","REFMAR","alertCustom",false,"delai_alerte","06,00"
"shom_id","108","name","DUMONT_D_URVILLE","longitude",140.010001,"latitude",-66.661668,"state","ASYNC","reseau","REFMAR","alertCustom",false,"delai_alerte","06,00"
"shom_id","2","name","DUNKERQUE","longitude",2.366698,"latitude",51.048091,"state","OK","reseau","RONIM","alertCustom",false,"delai_alerte","06,00"
"shom_id","30","name","DZAOUDZI","longitude",45.25817,"latitude",-12.782044,"state","KO","reseau","RONIM","alertCustom",false,"delai_alerte","06,00"
"shom_id","6427","name","ENDOUME","longitude",5.348933,"latitude",43.280072,"state","ASYNC","reseau","REFMAR","alertCustom",false,"delai_alerte","06,00"
"shom_id","6413","name","ETAPLES_VIGICRUES","longitude",1.635519,"latitude",50.512345,"state","OK","reseau","REFMAR","alertCustom",false,"delai_alerte","06,00"
"shom_id","4201","name","FATOUVILLE_HAROPA_RO","longitude",0.315964,"latitude",49.431786,"state","OK","reseau","REFMAR","alertCustom",false,"delai_alerte","06,00"
"shom_id","126","name","FORT-DE-FRANCE","longitude",-61.063609,"latitude",14.601867,"state","ASYNC","reseau","RONIM","alertCustom",false,"delai_alerte","06,00"
"shom_id","6117","name","FORT_MEDOC","longitude",-0.7,"latitude",45.117,"state","OK","reseau","REFMAR","alertCustom",false,"delai_alerte","06,00"
"shom_id","719","name","FOS-SUR-MER","longitude",4.892935,"latitude",43.404935,"state","OLD","reseau","RONIM","alertCustom",false,"delai_alerte","06,00"
"shom_id","186","name","FROMENTINE","longitude",-2.139175,"latitude",46.893304,"state","OK","reseau","REFMAR","alertCustom",false,"delai_alerte","06,00"
"shom_id","5323","name","GIENS_LA_MADRAGUE","longitude",6.11005,"latitude",43.04,"state","ASYNC","reseau","REFMAR","alertCustom",false,"delai_alerte","06,00"
"shom_id","198","name","HERBAUDIERE","longitude",-2.298913,"latitude",47.024943,"state","OK","reseau","RONIM","alertCustom",false,"delai_alerte","06,00"
"shom_id","429","name","HIENGHENE","longitude",164.943122,"latitude",-20.691993,"state","ASYNC","reseau","REFMAR","alertCustom",false,"delai_alerte","06,00"
"shom_id","495","name","HIVA_OA_UHSLC","longitude",-139.034117,"latitude",-9.804823,"state","OK","reseau","REFMAR","alertCustom",false,"delai_alerte","06,00"
"shom_id","385","name","HONFLEUR_HAROPA_RO","longitude",0.232944,"latitude",49.428333,"state","OK","reseau","REFMAR","alertCustom",false,"delai_alerte","06,00"
"shom_id","587","name","HUAHINE","longitude",-151.032445833,"latitude",-16.721563333,"state","ASYNC","reseau","REFMAR","alertCustom",false,"delai_alerte","06,00"
"shom_id","189","name","ILE_D_AIX","longitude",-1.174341,"latitude",46.007357,"state","KO","reseau","RONIM","alertCustom",false,"delai_alerte","06,00"
"shom_id","116","name","ILE_MIQUELON","longitude",-56.376137,"latitude",47.101251,"state","OK","reseau","REFMAR","alertCustom",false,"delai_alerte","06,00"
"shom_id","173","name","ILE_POSSESSION_CROZET","longitude",51.8628605,"latitude",-46.42567627,"state","OLD","reseau","REFMAR","alertCustom",false,"delai_alerte","06,00"
"shom_id","802","name","ILE_ROUSSE","longitude",8.93524,"latitude",42.6396,"state","KO","reseau","RONIM","alertCustom",false,"delai_alerte","06,00"
"shom_id","749","name","ILE_ROYALE","longitude",-52.5865,"latitude",5.284333,"state","ASYNC","reseau","RONIM","alertCustom",false,"delai_alerte","06,00"
"shom_id","127","name","ILE_ROYALE_ANSE_LEGOFF","longitude",-52.5866667,"latitude",5.28833333,"state","OLD","reseau","REFMAR","alertCustom",false,"delai_alerte","06,00",
"shom_id","194","name","ILE_SAINT-PAUL","longitude",77.538333,"latitude",-38.711667,"state","OLD","reseau","REFMAR","alertCustom",false,"delai_alerte","08,00"
"shom_id","115","name","ILE_SAINT-PIERRE","longitude",-56.16830556,"latitude",46.77883333,"state","OK","reseau","RONIM","alertCustom",false,"delai_alerte","06,00"
"shom_id","535","name","ILET-LA-MERE","longitude",-52.1904833,"latitude",4.89378333,"state","ASYNC","reseau","REFMAR","alertCustom",false,"delai_alerte","06,00"
"shom_id","6410","name","KERCABELLEC","longitude",-2.465,"latitude",47.4104,"state","OK","reseau","REFMAR","alertCustom",false,"delai_alerte","06,00"
"shom_id","23","name","KERGUELEN","longitude",70.219099,"latitude",-49.352117,"state","ASYNC","reseau","REFMAR","alertCustom",false,"delai_alerte","06,00"
"shom_id","5077","name","LA_CAPTE","longitude",6.1507,"latitude",43.0654,"state","ASYNC","reseau","REFMAR","alertCustom",false,"delai_alerte","06,00"
"shom_id","857","name","LA_CIOTAT","longitude",5.60829,"latitude",43.1723,"state","ASYNC","reseau","REFMAR","alertCustom",false,"delai_alerte","06,00"
"shom_id","736","name","LA_COTINIERE_VIGICRUES","longitude",-1.32781,"latitude",45.913597,"state","OK","reseau","REFMAR","alertCustom",false,"delai_alerte","06,00"
"shom_id","515","name","LA_DESIRADE","longitude",-61.07248,"latitude",16.30289,"state","ASYNC","reseau","REFMAR","alertCustom",false,"delai_alerte","06,00"
"shom_id","846","name","LA_FIGUEIRETTE","longitude",6.93494,"latitude",43.4835,"state","OK","reseau","RONIM","alertCustom",false,"delai_alerte","06,00"
"shom_id","6257","name","L_AIGUILLON-LA-PRESQU_ILE_VIGICRUES","longitude",-1.316389,"latitude",46.335,"state","OLD","reseau","REFMAR","alertCustom",false,"delai_alerte","06,00"
"shom_id","191","name","LAMENA","longitude",-0.795167,"latitude",45.335567,"state","OK","reseau","REFMAR","alertCustom",false,"delai_alerte","06,00"
"shom_id","6327","name","LA_PALMYRE","longitude",-1.14612,"latitude",45.6593,"state","OK","reseau","REFMAR","alertCustom",false,"delai_alerte","06,00"
"shom_id","449","name","LARMOR-BADEN","longitude",-2.895,"latitude",47.581667,"state","OK","reseau","REFMAR","alertCustom",false,"delai_alerte","06,00"
"shom_id","34","name","LA_ROCHELLE-PALLICE","longitude",-1.2206499576568604,"latitude",46.15850067138672,"state","OK","reseau","RONIM","alertCustom",false,"delai_alerte","06,00"
"shom_id","501","name","LEAVA","longitude",-178.160225,"latitude",-14.296023,"state","OK","reseau","REFMAR","alertCustom",false,"delai_alerte","06,00"
"shom_id","5116","name","LE_BRUSC","longitude",5.8035,"latitude",43.0775,"state","ASYNC","reseau","REFMAR","alertCustom",false,"delai_alerte","06,00"
"shom_id","152","name","LE_CONQUET","longitude",-4.78075,"latitude",48.359098,"state","OK","reseau","RONIM","alertCustom",false,"delai_alerte","06,00"
"shom_id","99","name","LE_CROISIC","longitude",-2.5150842,"latitude",47.2980601,"state","KO","reseau","REFMAR","alertCustom",false,"delai_alerte","06,00"
"shom_id","185","name","LE_CROUESTY","longitude",-2.895167,"latitude",47.542676,"state","OK","reseau","RONIM","alertCustom",false,"delai_alerte","06,00"
"shom_id","4","name","LE_HAVRE","longitude",0.10598,"latitude",49.481892,"state","OK","reseau","RONIM","alertCustom",false,"delai_alerte","06,00"
"shom_id","6194","name","LE_HAVRE_HAROPA_RO","longitude",0.114583,"latitude",49.483778,"state","OK","reseau","REFMAR","alertCustom",false,"delai_alerte","06,00"
"shom_id","669","name","LE_MARQUIS","longitude",-0.559667,"latitude",45.003117,"state","OK","reseau","REFMAR","alertCustom",false,"delai_alerte","06,00"
"shom_id","398","name","LE_PELLERIN","longitude",-1.765133,"latitude",47.205383,"state","OK","reseau","REFMAR","alertCustom",false,"delai_alerte","06,00"
"shom_id","165","name","LE_POULDU_VIGICRUES","longitude",-3.531797,"latitude",47.771339,"state","OK","reseau","REFMAR","alertCustom",true,"delai_alerte","12,00"
"shom_id","6421","name","LE_POULIGUEN_PONT","longitude",-2.427646,"latitude",47.278244,"state","OK","reseau","REFMAR","alertCustom",false,"delai_alerte","06,00"
"shom_id","833","name","LE_PRECHEUR","longitude",-61.226588,"latitude",14.80758,"state","KO","reseau","REFMAR","alertCustom",false,"delai_alerte","06,00"
"shom_id","224","name","LE_ROBERT","longitude",-60.9408,"latitude",14.678,"state","KO","reseau","REFMAR","alertCustom",false,"delai_alerte","06,00"
"shom_id","6391","name","LES_OURSINIERES","longitude",6.0195,"latitude",43.0847,"state","ASYNC","reseau","REFMAR","alertCustom",false,"delai_alerte","06,00"
"shom_id","62","name","LES_SABLES_D_OLONNE","longitude",-1.793528,"latitude",46.497358,"state","OK","reseau","RONIM","alertCustom",false,"delai_alerte","06,00"
"shom_id","109","name","LIFOU","longitude",167.27869444,"latitude",-20.91847222,"state","OK","reseau","REFMAR","alertCustom",false,"delai_alerte","06,00"
"shom_id","6263","name","LONGONI","longitude",45.16538,"latitude",-12.71767,"state","ASYNC","reseau","RONIM","alertCustom",false,"delai_alerte","06,00"
"shom_id","6349","name","LORIENT","longitude",-3.3545,"latitude",47.7375,"state","OK","reseau","REFMAR","alertCustom",false,"delai_alerte","06,00"
"shom_id","586","name","MAKEMO","longitude",-143.569212,"latitude",-16.626998,"state","OK","reseau","REFMAR","alertCustom",false,"delai_alerte","06,00"
"shom_id","418","name","MARE","longitude",167.8771,"latitude",-21.5478,"state","OK","reseau","REFMAR","alertCustom",false,"delai_alerte","06,00"
"shom_id","524","name","MARSEILLE","longitude",5.353758,"latitude",43.278814,"state","OK","reseau","RONIM","alertCustom",false,"delai_alerte","06,00"
"shom_id","276","name","MATA_UTU","longitude",-176.168514,"latitude",-13.284664,"state","OK","reseau","REFMAR","alertCustom",false,"delai_alerte","06,00"
"shom_id","742","name","MENTON_GARAVAN","longitude",7.5225,"latitude",43.785,"state","ASYNC","reseau","REFMAR","alertCustom",false,"delai_alerte","06,00"
"shom_id","6144","name","MIMIZAN","longitude",-1.295124,"latitude",44.21068,"state","OK","reseau","RONIM","alertCustom",false,"delai_alerte","06,00"
"shom_id","22","name","MONACO","longitude",7.421497,"latitude",43.728847,"state","OK","reseau","RONIM","alertCustom",false,"delai_alerte","06,00"
"shom_id","6106","name","MONTOIR-DE-BRETAGNE","longitude",-2.108367,"latitude",47.30555,"state","OK","reseau","REFMAR","alertCustom",false,"delai_alerte","06,00"
"shom_id","440","name","MORLAIX_VIGICRUES","longitude",-3.838262,"latitude",48.588703,"state","OK","reseau","REFMAR","alertCustom",true,"delai_alerte","12,00"
"shom_id","399","name","NANTES","longitude",-1.633667,"latitude",47.19345,"state","OK","reseau","REFMAR","alertCustom",false,"delai_alerte","06,00"
"shom_id","6143","name","NANTES_SALORGES","longitude",-1.57425,"latitude",47.204217,"state","OK","reseau","REFMAR","alertCustom",false,"delai_alerte","06,00"
"shom_id","339","name","NICE","longitude",7.285257,"latitude",43.695508,"state","OK","reseau","RONIM","alertCustom",false,"delai_alerte","06,00"
"shom_id","6408","name","NICE_VIGICRUES","longitude",7.20005,"latitude",43.664125,"state","OK","reseau","REFMAR","alertCustom",false,"delai_alerte","06,00"
"shom_id","659","name","NOUMEA_NUMBO","longitude",166.416218,"latitude",-22.241966,"state","OK","reseau","RONIM","alertCustom",false,"delai_alerte","06,00"
"shom_id","796","name","NUKU_HIVA_UHSLC","longitude",-140.095967,"latitude",-8.914896,"state","OK","reseau","REFMAR","alertCustom",false,"delai_alerte","06,00"
"shom_id","795","name","NUKU_HIVA_UHSLC_OLD","longitude",-140.095967,"latitude",-8.914896,"state","OLD","reseau","REFMAR","alertCustom",false,"delai_alerte","06,00"
"shom_id","334","name","OUINNE","longitude",166.68327646,"latitude",-21.9828778,"state","OK","reseau","REFMAR","alertCustom",false,"delai_alerte","06,00"
"shom_id","311","name","OUISTREHAM","longitude",-0.24871113147940882,"latitude",49.280449673366526,"state","OK","reseau","RONIM","alertCustom",false,"delai_alerte","06,00"
"shom_id","380","name","OUVEA","longitude",166.561867,"latitude",-20.549816,"state","OK","reseau","REFMAR","alertCustom",false,"delai_alerte","06,00"
"shom_id","6095","name","PAIMBOEUF","longitude",-2.000417,"latitude",47.286583,"state","OK","reseau","REFMAR","alertCustom",false,"delai_alerte","06,00"
"shom_id","383","name","PAPEETE","longitude",-149.572724,"latitude",-17.533081,"state","OK","reseau","REFMAR","alertCustom",false,"delai_alerte","06,00"
"shom_id","6385","name","PAPEETE_UHSLC","longitude",-149.572717,"latitude",-17.533117,"state","OK","reseau","REFMAR","alertCustom",false,"delai_alerte","06,00"
"shom_id","171","name","PARIACABO","longitude",-52.668683,"latitude",5.151667,"state","ASYNC","reseau","REFMAR","alertCustom",false,"delai_alerte","06,00"
"shom_id","192","name","PAUILLAC","longitude",-0.744167,"latitude",45.199667,"state","OLD","reseau","REFMAR","alertCustom",false,"delai_alerte","06,00"
"shom_id","779","name","PAUILLAC_TROMPELOUP","longitude",-0.746028,"latitude",45.218056,"state","OK","reseau","REFMAR","alertCustom",false,"delai_alerte","06,00"
"shom_id","125","name","POINTE-A-PITRE","longitude",-61.531454,"latitude",16.224397,"state","OK","reseau","RONIM","alertCustom",false,"delai_alerte","06,00"
"shom_id","110","name","POINTE_DES_GALETS","longitude",55.285115,"latitude",-20.934891,"state","OK","reseau","RONIM","alertCustom",false,"delai_alerte","06,00"
"shom_id","49","name","POINTE_DES_ROCHES","longitude",-52.6273,"latitude",5.156783,"state","ASYNC","reseau","REFMAR","alertCustom",false,"delai_alerte","06,00"
"shom_id","6273","name","PONT-BLANC_BAYONNE_VIGICRUES","longitude",-1.4731483153811653,"latitude",43.48183394524361,"state","OK","reseau","REFMAR","alertCustom",false,"delai_alerte","06,00"
"shom_id","6269","name","PONT_DU_BRAULT_VIGICRUES","longitude",-1.082581,"latitude",46.316842,"state","OK","reseau","REFMAR","alertCustom",false,"delai_alerte","06,00"
"shom_id","6344","name","PONT_SEUDRE_VIGICRUES","longitude",-1.138743,"latitude",45.799172,"state","OK","reseau","REFMAR","alertCustom",false,"delai_alerte","06,00"
"shom_id","6306","name","PORQUEROLLES","longitude",6.20152,"latitude",43.0026,"state","ASYNC","reseau","REFMAR","alertCustom",false,"delai_alerte","06,00"
"shom_id","6367","name","PORT2000_HAROPA_LH","longitude",0.105691,"latitude",49.465174,"state","OK","reseau","REFMAR","alertCustom",false,"delai_alerte","06,00"
"shom_id","15","name","PORT-BLOC","longitude",-1.061555,"latitude",45.56848,"state","KO","reseau","RONIM","alertCustom",false,"delai_alerte","06,00"
"shom_id","297","name","PORT_BLOC_GPM","longitude",-1.06148333,"latitude",45.56843333,"state","KO","reseau","REFMAR","alertCustom",false,"delai_alerte","06,00"
"shom_id","804","name","PORT-CAMARGUE_VIGICRUES","longitude",4.126403,"latitude",43.520318,"state","OK","reseau","REFMAR","alertCustom",false,"delai_alerte","07,00"
"shom_id","5154","name","PORT_CROS","longitude",6.38193,"latitude",43.0098,"state","ASYNC","reseau","REFMAR","alertCustom",false,"delai_alerte","06,00"
"shom_id","720","name","PORT_DE_BOUC","longitude",4.982778,"latitude",43.398056,"state","OK","reseau","RONIM","alertCustom",false,"delai_alerte","06,00"
"shom_id","6328","name","PORT_DE_CARRO","longitude",5.04202,"latitude",43.3297,"state","ASYNC","reseau","REFMAR","alertCustom",false,"delai_alerte","06,00"
"shom_id","6338","name","PORT_DE_LA_REDONNE","longitude",5.21834,"latitude",43.3315,"state","ASYNC","reseau","REFMAR","alertCustom",false,"delai_alerte","06,00"
"shom_id","6417","name","PORT_DE_SAINT_CHAMAS","longitude",5.0238,"latitude",43.5492,"state","ASYNC","reseau","REFMAR","alertCustom",false,"delai_alerte","06,00"
"shom_id","859","name","PORT_DE_SAINT-ELME","longitude",5.8994,"latitude",43.0759,"state","ASYNC","reseau","REFMAR","alertCustom",false,"delai_alerte","06,00"
"shom_id","3823","name","PORT_DU_JAI","longitude",5.194467,"latitude",43.4376,"state","ASYNC","reseau","REFMAR","alertCustom",false,"delai_alerte","06,00"
"shom_id","847","name","PORT_FERREOL","longitude",6.717606,"latitude",43.359072,"state","OK","reseau","RONIM","alertCustom",false,"delai_alerte","06,00"
"shom_id","803","name","PORT-LA-NOUVELLE","longitude",3.0640973709,"latitude",43.0147054985,"state","OK","reseau","RONIM","alertCustom",false,"delai_alerte","06,00"
"shom_id","6407","name","PORT_LAUNAY_VIGICRUES","longitude",-4.095198,"latitude",48.212675,"state","OK","reseau","REFMAR","alertCustom",true,"delai_alerte","12,00"
"shom_id","71","name","PORT-TUDY","longitude",-3.445852,"latitude",47.644274,"state","OK","reseau","RONIM","alertCustom",false,"delai_alerte","06,00"
"shom_id","75","name","PORT-VENDRES","longitude",3.10745,"latitude",42.519922,"state","OK","reseau","RONIM","alertCustom",false,"delai_alerte","06,00"
"shom_id","6272","name","QUAI_DE_LESSEPS_BAYONNE_VIGICRUES","longitude",-1.4794137439414883,"latitude",43.49758336788834,"state","OK","reseau","REFMAR","alertCustom",false,"delai_alerte","06,00"
"shom_id","78","name","RANGIROA","longitude",-147.706021,"latitude",-14.945817,"state","OK","reseau","REFMAR","alertCustom",false,"delai_alerte","06,00"
"shom_id","150","name","RICHARD","longitude",-0.92308333,"latitude",45.45368333,"state","OK","reseau","REFMAR","alertCustom",false,"delai_alerte","06,00"
"shom_id","43","name","RIKITEA","longitude",-134.9689,"latitude",-23.117767,"state","OK","reseau","REFMAR","alertCustom",false,"delai_alerte","06,00"
"shom_id","2969","name","RIKITEA_UHSLC","longitude",-134.966628,"latitude",-23.122189,"state","OLD","reseau","REFMAR","alertCustom",false,"delai_alerte","06,00"
"shom_id","118","name","ROCHEFORT_VIGICRUES","longitude",-0.953483,"latitude",45.946335,"state","OK","reseau","REFMAR","alertCustom",false,"delai_alerte","06,00"
"shom_id","54","name","ROSCOFF","longitude",-3.965679,"latitude",48.718426,"state","OK","reseau","RONIM","alertCustom",false,"delai_alerte","06,00"
"shom_id","308","name","ROYAN_VIGICRUES","longitude",-1.027811,"latitude",45.620576,"state","OK","reseau","REFMAR","alertCustom",false,"delai_alerte","08,00"
"shom_id","832","name","SAINTE-MARIE","longitude",55.536904,"latitude",-20.892808,"state","ASYNC","reseau","RONIM","alertCustom",false,"delai_alerte","06,00"
"shom_id","36","name","SAINT-GILDAS","longitude",-2.24635,"latitude",47.140383,"state","OLD","reseau","REFMAR","alertCustom",false,"delai_alerte","06,00"
"shom_id","635","name","SAINT-GILLES-CROIX-DE-VIE","longitude",-1.943313,"latitude",46.696299,"state","OK","reseau","REFMAR","alertCustom",false,"delai_alerte","06,00"
"shom_id","95","name","SAINT-JEAN-DE-LUZ_SOCOA","longitude",-1.68162,"latitude",43.39524,"state","OK","reseau","RONIM","alertCustom",false,"delai_alerte","06,00"
"shom_id","172","name","SAINT-LAURENT-DU-MARONI_VIGICRUES","longitude",-54.036117,"latitude",5.494333,"state","ASYNC","reseau","REFMAR","alertCustom",false,"delai_alerte","06,00"
"shom_id","5219","name","SAINT_LOUIS_MOURILLON","longitude",5.937,"latitude",43.1059,"state","ASYNC","reseau","REFMAR","alertCustom",false,"delai_alerte","06,00"
"shom_id","410","name","SAINT-MALO","longitude",-2.028103,"latitude",48.640812,"state","OK","reseau","RONIM","alertCustom",false,"delai_alerte","06,00"
"shom_id","159","name","SAINT_MARTIN","longitude",-63.085434,"latitude",18.08333,"state","OLD","reseau","REFMAR","alertCustom",false,"delai_alerte","06,00"
"shom_id","37","name","SAINT-NAZAIRE","longitude",-2.20155,"latitude",47.266862,"state","OK","reseau","RONIM","alertCustom",false,"delai_alerte","06,00"
"shom_id","6283","name","SAINT-NAZAIRE_GPMNSN","longitude",-2.20155,"latitude",47.266862,"state","HIDDEN","reseau","REFMAR","alertCustom",false,"delai_alerte","06,00"
"shom_id","506","name","SAINT-QUAY-PORTRIEUX","longitude",-2.8180556,"latitude",48.6475,"state","OK","reseau","RONIM","alertCustom",false,"delai_alerte","06,00"
"shom_id","35","name","SAINT-SERVAN","longitude",-2.0305556,"latitude",48.6338889,"state","OLD","reseau","REFMAR","alertCustom",false,"delai_alerte","06,00
"shom_id","718","name","SAINT-TROPEZ","longitude",6.63256,"latitude",43.2707,"state","ASYNC","reseau","REFMAR","alertCustom",false,"delai_alerte","06,00"
"shom_id","792","name","SENETOSA","longitude",8.815,"latitude",41.549722,"state","ASYNC","reseau",null,"alertCustom",false,"delai_alerte","06,00"
"shom_id","250","name","SETE","longitude",3.701918,"latitude",43.399907,"state","OK","reseau","RONIM","alertCustom",false,"delai_alerte","06,00"
"shom_id","710","name","SOLENZARA","longitude",9.40383,"latitude",41.856856,"state","OK","reseau","RONIM","alertCustom",false,"delai_alerte","06,00"
"shom_id","5253","name","TAMARIS","longitude",5.90112,"latitude",43.091,"state","ASYNC","reseau","REFMAR","alertCustom",false,"delai_alerte","06,00"
"shom_id","6372","name","TGB_HAROPA_LH","longitude",0.11425,"latitude",49.48496,"state","OK","reseau","REFMAR","alertCustom",false,"delai_alerte","06,00"
"shom_id","46","name","THIO","longitude",166.241528,"latitude",-21.613806,"state","OK","reseau","REFMAR","alertCustom",false,"delai_alerte","06,00"
"shom_id","68","name","TOULON","longitude",5.91306,"latitude",43.11722,"state","KO","reseau","RONIM","alertCustom",false,"delai_alerte","06,00"
"shom_id","6426","name","TOULON_HTMNET","longitude",5.931986,"latitude",43.117736,"state","HIDDEN","reseau","REFMAR","alertCustom",false,"delai_alerte","06,00"
"shom_id","113","name","TUBUAI","longitude",-149.475536,"latitude",-23.341768,"state","OK","reseau","REFMAR","alertCustom",false,"delai_alerte","06,00"
"shom_id","262","name","UA_POU","longitude",-140.04647,"latitude",-9.35789,"state","OK","reseau","REFMAR","alertCustom",false,"delai_alerte","06,00"
"shom_id","6275","name","URT_VIGICRUES","longitude",-1.2995178973701738,"latitude",43.5025287287403,"state","OK","reseau","REFMAR","alertCustom",false,"delai_alerte","06,00"
"shom_id","317","name","VAIRAO","longitude",-149.295,"latitude",-17.8059,"state","OK","reseau","REFMAR","alertCustom",false,"delai_alerte","06,00"
"shom_id","347","name","VANNES","longitude",-2.761667,"latitude",47.638333,"state","OK","reseau","REFMAR","alertCustom",false,"delai_alerte","06,00"
"shom_id","6366","name","VIGIE_HAROPA_LH","longitude",0.1030083,"latitude",49.48405,"state","OK","reseau","REFMAR","alertCustom",false,"delai_alerte","06,00"
"shom_id","6274","name","VILLEFRANQUE_VIGICRUES","longitude",-1.460239703319369,"latitude",43.43797735168819,"state","OK","reseau","REFMAR","alertCustom",false,"delai_alerte","06,00"